method,alpha,avg,MNIST,EuroSAT,DTD,GTSRB,SVHN
zero_shot,,0.4865234375,0.5224609375,0.5126953125,0.44921875,0.4267578125,0.521484375
individual,,0.928515625,0.9912109375,0.99609375,0.732421875,0.9697265625,0.953125
task_arithmetic,0.5,0.807421875,0.9736328125,0.7392578125,0.587890625,0.8681640625,0.8681640625
ties,0.5,0.719140625,0.9365234375,0.6884765625,0.51171875,0.7021484375,0.7568359375
tsv_compress_sum,0.5,0.8037109375,0.9736328125,0.7353515625,0.58203125,0.861328125,0.8662109375
tsv_merge,0.5,0.8044921875,0.958984375,0.916015625,0.583984375,0.7783203125,0.78515625
